<?xml version="1.0" encoding="utf-8"?>
<rss version="2.0" xml:base="http://fossasia.org"  xmlns:dc="http://purl.org/dc/elements/1.1/">
<channel>
 <title>FOSSASIA</title>
 <link>http://fossasia.org</link>
 <description></description>
 <language>vi</language>
<item>
 <title>FOSSASIA 2014 at Norton University in Phnom Penh, Cambodia from February 28 – March 2</title>
 <link>http://fossasia.org/vi/blogs/fossasia-2014-norton-university-phnom-penh-cambodia-february-28-%E2%80%93-march-2</link>
 <description>&lt;p&gt;We are excited to announce FOSSASIA 2014 in Phnom Penh. After taking place several times in Vietnam, it is the first time FOSSASIA takes place in Cambodia. The event will be held at &lt;a href=&quot;http://norton-u.com&quot;&gt;Norton University&lt;/a&gt; from February 28 – March 2, 2014.&lt;br&gt;&lt;br&gt;FOSSASIA is a free event that offers students, developers and start ups a place to meet, share ideas and collaborate. It is a premier place for Open Source communities in Asia to get together with International developers and an opportunity to experience Open Source technologies.&lt;br&gt;&lt;br&gt;Previous events attracted up to 1400 participants and speakers from 20 countries. Apart from Open Source Software FOSSASIA 2014 will feature a number of Open Hardware projects. In the FOSSASIA business lounge participants can learn about start up ideas and practices and connect with International companies and outsourcing partners.&lt;/p&gt;</description>
 <pubDate>Wed, 13 Nov 2013 10:18:02 +0000</pubDate>
 <dc:creator>Hong Phuc</dc:creator>
 <guid isPermaLink="false">273 at http://fossasia.org</guid>
</item>
<item>
 <title>Digital Sewing Patterns Workshop with Susan Spencer</title>
 <link>http://fossasia.org/vi/blogs/digital-sewing-patterns-workshop-susan-spencer</link>
 <description>&lt;p&gt;The textil industry is dominated by some big players and proprietary file formats for digital cut patterns. With the maker scene getting a big push with 3D printers, it is time to push for open digital sewing pattern creation as well.&lt;/p&gt;&lt;p&gt;Susan Spencer already works for some time on this goal. She created plugins for creating and portraying sewing patterns in Inkscape and documents her work on the &lt;a href=&quot;http://www.taumeta.org/&quot;&gt;TauMeta&lt;/a&gt; Website.&lt;/p&gt;&lt;p&gt;The next goal is to enable designers to upload and customize patterns online through a web interface. This is why we are meeting up at a workshop after the &lt;a href=&quot;http://libregraphicsmeeting.org&quot;&gt;Libre Graphics Meeting&lt;/a&gt; in Madrid. I believe this is exciting and offers many people a way to collaborate on patterns around the world.&lt;/p&gt;&lt;p&gt;As textil making is very big in Vietnam and other Asian countries, this could be very interesting for people. I can see that it would also offer ways for small business owners to work together.&lt;/p&gt;&lt;p&gt;&lt;img src=&quot;/sites/default/files/IMG_20130422_135100_0.jpg&quot; alt=&quot;Sewing Pattern Workshop with Susan Spencer and Hong Phuc Dang&quot; width=&quot;700&quot; height=&quot;523&quot;&gt;Susan Spencer and Hong Phuc Dang at the Digital Pattern Workshop after LGM 2013&lt;/p&gt;&lt;p&gt;Links&lt;/p&gt;&lt;p&gt;*&amp;nbsp;&lt;a href=&quot;http://www.taumeta.org/&quot;&gt;http://www.taumeta.org&lt;/a&gt;&lt;/p&gt;&lt;p&gt;*&amp;nbsp;&lt;a href=&quot;https://en.wikipedia.org/wiki/Pattern_(sewing)&quot;&gt;https://en.wikipedia.org/wiki/Pattern_(sewing)&lt;/a&gt;&lt;/p&gt;</description>
 <pubDate>Mon, 22 Apr 2013 13:12:08 +0000</pubDate>
 <dc:creator>Hong Phuc</dc:creator>
 <guid isPermaLink="false">271 at http://fossasia.org</guid>
</item>
<item>
 <title>Libre Graphics Meeting 2013 - Including Asian Users and Developers</title>
 <link>http://fossasia.org/vi/blogs/libre-graphics-meeting-2013-including-asian-users-and-developers</link>
 <description>&lt;p&gt;Thank you for a great event! The &lt;a href=&quot;http://libregraphicsmeeting.org/2013/&quot;&gt;Libre Graphics Meeting 2013&lt;/a&gt; took place in Madrid from April 10-13.&lt;/p&gt;&lt;p&gt;While the participation of Asian contributors is still low, talking to developers and designers it is clear that Asian users are &quot;on their map&quot;. Designing fonts that include characters for Asian languages for example is high on the agenda.&lt;/p&gt;&lt;p&gt;I would be happy to help people who are interested in font design to get in touch with established font projects. Please get in touch with me, if you are interested.&lt;/p&gt;&lt;p&gt;&lt;img src=&quot;/sites/default/files/IMG_20130410_163303_0.jpg&quot; alt=&quot;Pippin and Hong Phuc Dang at Libre Graphics Meeting 2013&quot; width=&quot;700&quot; height=&quot;523&quot;&gt;&lt;a href=&quot;http://pippin.gimp.org/&quot;&gt;Pippin (Øyvind Kolås)&lt;/a&gt;&amp;nbsp;from the Gimp project and Hong Phuc Dang at Libre Graphics Meeting 2013&lt;/p&gt;&lt;p&gt;&amp;nbsp;&lt;/p&gt;&lt;p&gt;&lt;img src=&quot;/sites/default/files/IMG_20130413_162245_0.jpg&quot; alt=&quot;Hong Phuc Dang and Sirko Kemter discussing Inkscape at Libre Graphics Meeting 2013&quot; width=&quot;700&quot; height=&quot;523&quot;&gt;Hong Phuc Dang and Sirko Kemter discussing Inkscape at Libre Graphics Meeting 2013&lt;/p&gt;&lt;p&gt;&lt;img src=&quot;/sites/default/files/IMG_20130410_224545_0.jpg&quot; alt=&quot;Graphics Tool Social Meet up with Gimp and GNOME developers at Libre Graphics Meeting&quot; width=&quot;700&quot; height=&quot;523&quot;&gt;Graphics Tool Social Meet up with Gimp and GNOME developers at Libre Graphics Meeting&lt;/p&gt;&lt;p&gt;&lt;img src=&quot;/sites/default/files/IMG_20130410_194931_0.jpg&quot; alt=&quot;Fontforge presentation with Dave Crossland and Ben&quot; width=&quot;700&quot; height=&quot;525&quot;&gt;Fontforge presentation with Dave Crossland and Ben&lt;/p&gt;</description>
 <pubDate>Tue, 16 Apr 2013 11:03:35 +0000</pubDate>
 <dc:creator>Hong Phuc</dc:creator>
 <guid isPermaLink="false">270 at http://fossasia.org</guid>
</item>
<item>
 <title>Crypto Stick accepted as Google Summer of Code Mentor Organization</title>
 <link>http://fossasia.org/vi/blogs/crypto-stick-accepted-google-summer-code-mentor-organization</link>
 <description>&lt;p&gt;&lt;a href=&quot;http://crypto-stick.org&quot;&gt;Crypto Stick&lt;/a&gt; has been accepted as a mentor organization for Google Summer of Code (GSOC) 2013. If you are a student interested in working on cool crypto stuff, developing a high security system, latest web security or embedded programming - this is for you. You can apply for a project and if accepted the mentors will work with you over the summer and Google will sponsor you 5000 USD during that time.&lt;/p&gt;&lt;p&gt;Please check out the ideas page at &lt;a href=&quot;https://www.assembla.com/spaces/cryptostick/wiki/Ideas&quot; title=&quot;https://www.assembla.com/spaces/cryptostick/wiki/Ideas&quot;&gt;https://www.assembla.com/spaces/cryptostick/wiki/Ideas&lt;/a&gt; or suggest your own idea.&lt;/p&gt;&lt;p&gt;And, join the mailinglist to discuss it: &lt;a href=&quot;https://lists.crypto-stick.org/mailman/listinfo/dev&quot; title=&quot;https://lists.crypto-stick.org/mailman/listinfo/dev&quot;&gt;https://lists.crypto-stick.org/mailman/listinfo/dev&lt;/a&gt;&lt;/p&gt;&lt;p&gt;Your applications should be submitted through Google Melange (&lt;a href=&quot;https://google-melange.com&quot; title=&quot;https://google-melange.com&quot;&gt;https://google-melange.com&lt;/a&gt;) between March 26 and April 6. Generally, it is better to submit your application early as mentors like to discuss proposals.&lt;/p&gt;&lt;p&gt;Important dates are:&lt;/p&gt;&lt;p&gt;* March 17-25: Would-be student participants discuss application ideas with mentoring organizations.&lt;/p&gt;&lt;p&gt;* March 26, 19:00 UTC: Student application period opens.&lt;/p&gt;&lt;p&gt;* April 6, 19:00 UTC: Student application deadline.&lt;/p&gt;&lt;p&gt;You can continue to submit additional information and comments into the system after your initial application submission. In order to participate in the program, you must be a student in an accredited institution or university.&lt;/p&gt;&lt;p&gt;Links:&lt;/p&gt;&lt;p&gt;* Crypto Stick project: &lt;a href=&quot;http://crypto-stick.org&quot; title=&quot;http://crypto-stick.org&quot;&gt;http://crypto-stick.org&lt;/a&gt;&lt;/p&gt;&lt;p&gt;* Ideas Page: &lt;a href=&quot;https://www.assembla.com/spaces/cryptostick/wiki/Ideas&quot; title=&quot;https://www.assembla.com/spaces/cryptostick/wiki/Ideas&quot;&gt;https://www.assembla.com/spaces/cryptostick/wiki/Ideas&lt;/a&gt;&lt;/p&gt;&lt;p&gt;* GSOC Progam F&amp;amp;Q: &lt;a href=&quot;https://google-melange.appspot.com/gsoc/document/show/gsoc_program/google/gsoc2013/help_page&quot; title=&quot;https://google-melange.appspot.com/gsoc/document/show/gsoc_program/google/gsoc2013/help_page&quot;&gt;https://google-melange.appspot.com/gsoc/document/show/gsoc_program/googl...&lt;/a&gt;&lt;/p&gt;&lt;p&gt;* Crypto Stick Mailing List: &lt;a href=&quot;https://lists.crypto-stick.org/mailman/listinfo/dev&quot; title=&quot;https://lists.crypto-stick.org/mailman/listinfo/dev&quot;&gt;https://lists.crypto-stick.org/mailman/listinfo/dev&lt;/a&gt;&lt;/p&gt;&lt;p&gt;* Google Melange: &lt;a href=&quot;http://google-melange.com&quot; title=&quot;http://google-melange.com&quot;&gt;http://google-melange.com&lt;/a&gt;&lt;/p&gt;</description>
 <pubDate>Thu, 11 Apr 2013 11:27:09 +0000</pubDate>
 <dc:creator>Hong Phuc</dc:creator>
 <guid isPermaLink="false">269 at http://fossasia.org</guid>
</item>
<item>
 <title>Meilix System Lock released</title>
 <link>http://fossasia.org/vi/blogs/meilix-system-lock-released</link>
 <description>&lt;p&gt;We released the first version 0.1 of Meilix System Lock. It is an application that can lock or &quot;freeze&quot; your system.&lt;/p&gt;&lt;p&gt;The application is based on &lt;a href=&quot;http://sourceforge.net/projects/dafturnofris-id/&quot;&gt;Ofris&lt;/a&gt;, but it offers more features like a simple graphic interface to lock or unlock the system. Main developer is &lt;a href=&quot;http://honnguyenvan.wordpress.com/&quot;&gt;Hon Nguyen&lt;/a&gt; (&lt;a href=&quot;http://vanhonit.wordpress.com/&quot;&gt;Vanhonit&lt;/a&gt;) from Vietnam, who started the tool as part of his &lt;a href=&quot;http://www.google-melange.com/&quot;&gt;Google Summer of Code&lt;/a&gt; project for FOSSASIA.&lt;/p&gt;&lt;p&gt;The sourcecode is here on github:&amp;nbsp;&lt;a href=&quot;https://github.com/meilix/systemlock&quot;&gt;https://github.com/meilix/systemlock&lt;/a&gt;&lt;/p&gt;&lt;p&gt;A couple of Meilix System Lock Screenshots.&lt;/p&gt;&lt;p&gt;&lt;img style=&quot;display: block; margin-left: auto; margin-right: auto;&quot; src=&quot;/sites/default/files/meilix-systemlock_5.png&quot; alt=&quot;&quot; width=&quot;498&quot; height=&quot;266&quot;&gt;&lt;/p&gt;&lt;p&gt;&lt;img src=&quot;/sites/default/files/meilix-systemlock_4.png&quot; alt=&quot;Meilix System Lock&quot; width=&quot;700&quot; height=&quot;514&quot;&gt;&lt;/p&gt;</description>
 <pubDate>Wed, 20 Mar 2013 08:47:28 +0000</pubDate>
 <dc:creator>Hong Phuc</dc:creator>
 <guid isPermaLink="false">267 at http://fossasia.org</guid>
</item>
<item>
 <title>TYPO3 Conference in Phnom Penh</title>
 <link>http://fossasia.org/vi/blogs/typo3-conference-phnom-penh</link>
 <description>&lt;p style=&quot;padding-left: 30px;&quot;&gt;&lt;em&gt;Thank you for joining the first ever TYPO3 conference in Asia and inspiring people to Share!&lt;/em&gt;&lt;/p&gt;&lt;p&gt;I can only agree with this finishing statement at the first TYPO3 event in the region. It was truly inspiring. The &lt;a href=&quot;https://t3con12-asia.typo3.org&quot;&gt;T3Con&lt;/a&gt; took place in Cambodia, the Kingdom of Wonders, from Friday, 17 August to Sunday, 19 August 2012.&lt;/p&gt;&lt;p&gt;The event was organized by Dominik Stankowski and Rebecca Stankowski from &lt;a href=&quot;http://www.web-essentials.asia/&quot;&gt;Web Essentials&lt;/a&gt;&amp;nbsp;with the support of the international and local community. Great job! Well done!&lt;/p&gt;&lt;p&gt;&lt;img src=&quot;/sites/default/files/t3con-phnompenh.jpg&quot; alt=&quot;&quot;&gt;&lt;em&gt;T3Con Community Meet up in Phnom Penh&lt;/em&gt;&lt;/p&gt;&lt;p&gt;&amp;nbsp;&lt;/p&gt;&lt;p&gt;TYPO3, is one of the top Enterprise Content Management System. T3CON12 ASIA event provided the latest trends in Web and Mobile Development. It was a unique opportunity in South-East-Asia to connect with successful international and local technology companies, innovative tech start-ups, international web developers and mobile experts.&lt;/p&gt;&lt;p&gt;The conference was held at the Cambodia-Japan Cooperation Center (Royal University of Phnom Penh).&lt;/p&gt;&lt;p&gt;Conference Highlights included&lt;/p&gt;&lt;ul&gt;&lt;li&gt;Keynote speech by TYPO3 founder Kasper Skårhøj from Denmark&lt;/li&gt;&lt;/ul&gt;&lt;ul&gt;&lt;li&gt;2-day conference with sessions from speakers around the world&lt;/li&gt;&lt;/ul&gt;&lt;ul&gt;&lt;li&gt;Special Student&#039; s day with TYPO3 tutorials and workshops&lt;/li&gt;&lt;/ul&gt;&lt;ul&gt;&lt;li&gt;Training Week with expert web developers&lt;/li&gt;&lt;/ul&gt;&lt;ul&gt;&lt;li&gt;Friday Social Event at Kingdom Breweries: Barbecue and Kingdom Beer by a German Master Brewer in a wonderfully restored factory&lt;/li&gt;&lt;/ul&gt;&lt;ul&gt;&lt;li&gt;TYPO3 Certification Exam&lt;/li&gt;&lt;/ul&gt;&lt;ul&gt;&lt;li&gt;Pre-conference meet-up at the famous FCC (Foreign Correspondence Club) with view over Mekong and Tonle Sap&lt;/li&gt;&lt;/ul&gt;&lt;p&gt;T3CON12 ASIA has brought people together from around the world. Asian representatives from Japan, Indonesia, India, China, Vietnam and of course Cambodia joined, together with TYPO3 enthusiasts from Europe and North-America.&lt;/p&gt;&lt;p&gt;&lt;img src=&quot;/sites/default/files/T3Con-MarioBehling_HonNguyen_0.jpg&quot; alt=&quot;&quot;&gt;&lt;em&gt;Mario Behling and Hon Nguyen at T3Con Phnom Penh (Photo by&amp;nbsp;&lt;/em&gt;&lt;em&gt;Fumiki Kanno)&lt;/em&gt;&lt;/p&gt;&lt;p&gt;Links:&lt;/p&gt;&lt;p&gt;*&amp;nbsp;&lt;a href=&quot;https://t3con12-asia.typo3.org/&quot;&gt;https://t3con12-asia.typo3.org&lt;img title=&quot;&amp;lt;--break--&amp;gt;&quot; src=&quot;/sites/all/modules/wysiwyg/plugins/break/images/spacer.gif&quot; alt=&quot;&amp;lt;--break-&amp;gt;&quot;&gt;&lt;!--break--&gt;&lt;/a&gt;&lt;/p&gt;</description>
 <pubDate>Mon, 20 Aug 2012 08:25:07 +0000</pubDate>
 <dc:creator>Hong Phuc</dc:creator>
 <guid isPermaLink="false">250 at http://fossasia.org</guid>
</item>
<item>
 <title>Pdfinator v0.1 - Convert Images to PDFs</title>
 <link>http://fossasia.org/vi/blogs/pdfinator-v01-convert-images-pdfs</link>
 <description>&lt;p&gt;There are number of ways to generate pdf&#039;s from different file types. LibreOffice offers pdf generation from office documents for a long time and there is a simple terminal command to convert images to pdfs with ImageMagick.&lt;/p&gt;&lt;p&gt;But nevertheless there are instances, where people would like to have a simple pdf converter with a graphical interface. &lt;a href=&quot;http://www.tomlechner.com&quot;&gt;Tom Lechner&lt;/a&gt; and I sat together and worked on this idea together with input from &lt;a href=&quot;http://mariobehling.de&quot;&gt;Mario Behling&lt;/a&gt;.&lt;/p&gt;&lt;p&gt;So, here it is: &lt;span style=&quot;text-decoration: underline;&quot;&gt;&lt;strong&gt;Pdfinator&lt;/strong&gt;&lt;/span&gt;&lt;/p&gt;&lt;p&gt;Create a pdf from a number of images. It uses ImageMagick convert to make non-jpegs into jpegs for inclusion.&lt;/p&gt;&lt;p&gt;You find the code on github here:&amp;nbsp;&lt;a href=&quot;https://github.com/mariobehling/pdfinator&quot;&gt;https://github.com/mariobehling/pdfinator&lt;/a&gt;&lt;/p&gt;&lt;p&gt;We will be offereing packages for different Linux distributions soon too.&lt;/p&gt;&lt;p&gt;&lt;img src=&quot;/sites/default/files/pdfinator_1_0.png&quot; alt=&quot;Pdfinator v0.1 - convert images to pdfs&quot;&gt;&lt;/p&gt;&lt;p&gt;&amp;nbsp;&lt;/p&gt;&lt;p&gt;For your reference there is also this way, if you want to try to generate PDFs or images from command line.&amp;nbsp;&lt;/p&gt;&lt;p&gt;&amp;nbsp;&lt;/p&gt;&lt;p&gt;You simply follow the steps below:&lt;/p&gt;&lt;p&gt;1. Install ImageMagick e.g. in Ubuntu –&amp;nbsp;&lt;a href=&quot;https://help.ubuntu.com/community/ImageMagick&quot;&gt;https://help.ubuntu.com/community/ImageMagick&lt;/a&gt;&lt;/p&gt;&lt;p&gt;&lt;a href=&quot;https://help.ubuntu.com/community/ImageMagick&quot;&gt;&lt;/a&gt;&lt;br&gt;2. Open the terminal and go to the directory of the files, e.g.&amp;nbsp;/home/fossasiauser/Documents&lt;/p&gt;&lt;ul&gt;&lt;li&gt;cd&amp;nbsp;/home/hongphuc/Documents&lt;/li&gt;&lt;/ul&gt;&lt;p&gt;3. To convert pdfs to images, use the terminal and type&lt;/p&gt;&lt;ul&gt;&lt;li&gt;convert hongphuc.pdf hongphuc.jpg&lt;/li&gt;&lt;/ul&gt;&lt;p&gt;4. To convert images to pdfs use the following command&lt;/p&gt;&lt;ul&gt;&lt;li&gt;convert *.jpg hongphuc.pdf&lt;/li&gt;&lt;/ul&gt;</description>
 <pubDate>Sat, 18 Aug 2012 08:44:32 +0000</pubDate>
 <dc:creator>Hong Phuc</dc:creator>
 <guid isPermaLink="false">265 at http://fossasia.org</guid>
</item>
<item>
 <title>Tom Lechner Libre Graphics Artist and Developer in Vietnam</title>
 <link>http://fossasia.org/vi/blogs/tom-lechner-libre-graphics-artist-and-developer-vietnam</link>
 <description>&lt;p&gt;We invited &lt;a href=&quot;http://www.tomlechner.com&quot;&gt;Tom Lechner&lt;/a&gt;, Libre Graphics artist and developer of the desktop publishing software&amp;nbsp;&lt;a href=&quot;http://www.laidout.org&quot;&gt;Laidout&lt;/a&gt;,&amp;nbsp;to spend the summer vacation with us in Vietnam to work on some Libre Graphics projects together and to work on training materials.&lt;/p&gt;&lt;p&gt;&lt;img src=&quot;/sites/default/files/tomlechner-hongphucdang_1.jpg&quot; alt=&quot;&quot; width=&quot;700&quot; height=&quot;465&quot;&gt;&lt;em&gt;Hong Phuc Dang and Tom Lechner&lt;/em&gt;&lt;/p&gt;&lt;p&gt;&amp;nbsp;&lt;/p&gt;&lt;p&gt;Many designers hesitate to switch to Libre Graphics tools as they have been mainly trained with proprietary tools.&lt;/p&gt;&lt;p&gt;We often hear from designers that for example Gimp does not offer the same features as Photoshop. Well, rather than thinking to exchange an application designers should also think about opening up the way they creatively work. In fact Open Source tools can offer even more possibilities to be creative, but you need to stop thinking in categories of programmes or applications. Open Source programmes can incorporate new features easily by including existing libraries.&lt;/p&gt;&lt;p&gt;In the Linuxworld there are many tools available that can be accessed by command line as well. You could write your own script and change an enourmeous amount of images. Well, those are the few things we are exploring together with Tom this summer.&lt;/p&gt;&lt;p&gt;&amp;nbsp;&lt;/p&gt;&lt;p&gt;&lt;img src=&quot;/sites/default/files/tomlechner-vietnam-photo_0.jpg&quot; alt=&quot;&quot;&gt;&lt;em&gt;Vietnam Impressions by Libre Graphics Artist Tom Lechner&lt;/em&gt;&lt;/p&gt;&lt;p&gt;Links:&lt;/p&gt;&lt;p&gt;* Tom Flickr Stream for Vietnam:&amp;nbsp;&lt;a href=&quot;http://www.flickr.com/photos/tomlechner/sets/72157630879789412/with/7865406572/&quot;&gt;flickr.com/photos/tomlechner/sets/72157630879789412/with/7865406572/&lt;/a&gt;&lt;/p&gt;&lt;p&gt;* Website:&amp;nbsp;&lt;a href=&quot;http://www.tomlechner.com/&quot;&gt;tomlechner.com&lt;/a&gt;&lt;/p&gt;</description>
 <pubDate>Sun, 12 Aug 2012 04:15:45 +0000</pubDate>
 <dc:creator>Hong Phuc</dc:creator>
 <guid isPermaLink="false">264 at http://fossasia.org</guid>
</item>
<item>
 <title>How to create a Fedora spin - Developer Meet Up in Hong Kong</title>
 <link>http://fossasia.org/vi/blogs/how-create-fedora-spin-developer-meet-hong-kong</link>
 <description>&lt;p&gt;&lt;br&gt;&lt;img src=&quot;/sites/default/files/IMG_20120609_191935_0.jpg&quot; alt=&quot;&quot; width=&quot;700&quot; height=&quot;523&quot;&gt;&lt;em&gt;Hon Nguyen (Vietnam), Dicky (Hong Kong), Hong Phuc (Vietnam) (from right to left)&lt;/em&gt;&lt;/p&gt;&lt;p&gt;&lt;img src=&quot;/sites/default/files/IMG_20120609_231436_0.jpg&quot; alt=&quot;&quot;&gt;Dicky (Hong Kong) and&amp;nbsp;Mathieu Bridon (France)&lt;/p&gt;&lt;p&gt;At our meet ups at GNOME.Asia in Hong Kong it was great to meet developers from different continents. One thing we were particularly interested in is, how to create a custom Linux based on Fedora Linux.&lt;/p&gt;&lt;p&gt;Well, we were lucky to meet&amp;nbsp;&lt;span&gt;&lt;a href=&quot;http://fedoraproject.org/wiki/User:Bochecha&quot;&gt;Mathieu Bridon&lt;/a&gt; (&lt;a href=&quot;http://blog.fedora-fr.org/bochecha/&quot;&gt;Blog&lt;/a&gt;). There are some pictures below.&amp;nbsp;&lt;/span&gt;Even though some pictures might look just like socializing in a pub, we actually took quite late until the eve to learn about using Kickstart files to create our own custom Linux. Thank you! So the how to of Mathieu below first.&lt;/p&gt;&lt;p&gt;== Building your downstream distro ==&lt;br&gt;&lt;br&gt;From a Fedora system:&lt;br&gt;&amp;nbsp; &amp;nbsp; # yum install spin-kickstarts pungi&lt;br&gt;&lt;br&gt;See the kickstarts used to create the various Fedora spins in:&lt;br&gt;&amp;nbsp; &amp;nbsp; /usr/share/spin-kickstarts/*&lt;br&gt;&lt;br&gt;Use that as examples, the actual kickstart doc is at:&lt;br&gt;&amp;nbsp; &amp;nbsp;&amp;nbsp;&lt;a href=&quot;http://fedoraproject.org/wiki/Anaconda/Kickstart&quot; target=&quot;_blank&quot;&gt;http://fedoraproject.org/wiki/Anaconda/Kickstart&lt;/a&gt;&lt;br&gt;&lt;br&gt;Then once you have your kickstart file:&lt;br&gt;&amp;nbsp; &amp;nbsp; # pungi -c [your kickstart file]&lt;br&gt;&lt;br&gt;(see pungi -h for all the options)&lt;br&gt;&lt;br&gt;== Avoiding trademark issues ==&lt;br&gt;&lt;br&gt;Replace fedora-logos by generic-logos to avoid the Fedora trademarks.&lt;br&gt;&lt;br&gt;Clone the git repository for the package spec file:&lt;br&gt;$ fedpkg clone -a generic-logos&lt;br&gt;$ cd generic-logos&lt;br&gt;&lt;br&gt;Fetch the source tarball:&lt;br&gt;$ fedpkg sources&lt;br&gt;&lt;br&gt;Make your own tarball following the layout and file names.&lt;br&gt;&lt;br&gt;Rename the spec file (and change the Name: tag):&lt;br&gt;Name: &amp;nbsp; &amp;nbsp; &amp;nbsp; xmario-logos&lt;br&gt;Version: &amp;nbsp; &amp;nbsp;17.0.0&lt;br&gt;[... snip ...]&lt;br&gt;Source0: &amp;nbsp; &amp;nbsp;&lt;a href=&quot;https://fedorahosted.org/released/%%7Bname%7D/%%7Bname%7D-%%7Bversion%7D.tar.bz2&quot; target=&quot;_blank&quot;&gt;https://fedorahosted.org/released/%{name}/%{name}-%{version}.tar.bz2&lt;/a&gt;&lt;br&gt;&lt;br&gt;See how the tarball is named like the spec file?&lt;br&gt;&lt;br&gt;Rebuild:&lt;br&gt;$ fedpkg mockbuild&lt;br&gt;&lt;br&gt;== Caching packages ==&lt;br&gt;&lt;br&gt;1. Synchronize the whole repository:&lt;br&gt;$ yum install yum-utils&lt;br&gt;$ reposync -r fedora -r updates -p /path/to/repository_cache&lt;br&gt;&lt;br&gt;2. Keep in cache the packages you install:&lt;br&gt;&amp;nbsp; 1. set keepcache=1 in /etc/yum.conf&lt;br&gt;&amp;nbsp; 2. install, update,...&lt;br&gt;&amp;nbsp; 3. $ find /var/cache/yum -name &#039;*.rpm&#039;&lt;br&gt;&lt;br&gt;3. Download packages:&lt;br&gt;$ yum install yum-utils&lt;br&gt;$ yumdowloader foo&lt;br&gt;$ yumdownloader --resolve foo&lt;br&gt;&lt;br&gt;Some different approaches to repo caching:&lt;br&gt;&lt;a href=&quot;http://yum.baseurl.org/wiki/YumMultipleMachineCaching&quot; target=&quot;_blank&quot;&gt;http://yum.baseurl.org/wiki/YumMultipleMachineCaching&lt;/a&gt;&lt;/p&gt;&lt;p&gt;&amp;nbsp;&lt;/p&gt;&lt;p&gt;If you need to make an install media (not live), you&#039;ll have to maintain&lt;br&gt;a trivial patch to anaconda.&lt;br&gt;&lt;br&gt;$ fedpkg clone -a anaconda&lt;br&gt;$ cd anaconda&lt;br&gt;$ fedpkg prep&lt;br&gt;$ cd anaconda-$version&lt;br&gt;$ git init&lt;br&gt;$ git add .&lt;br&gt;$ git commit -m prepped&lt;br&gt;$ cp pyanaconda/installclasses/{fedora.py,xmario.py}&lt;br&gt;&lt;br&gt;Replace all occurences of &quot;fedora&quot; by &quot;xmario&quot; in the file you copied,&lt;br&gt;and give it a **higher** priority (bigger number) than all other install&lt;br&gt;classes so that yours is used.&lt;br&gt;&lt;br&gt;Create a patch that adds your modifications. I like to use git for that,&lt;br&gt;but you can just use the diff command if you prefer:&lt;br&gt;$ git commit -a -m &quot;Create our install class for X-Mario&quot;&lt;br&gt;$ git format-patch HEAD~1&lt;br&gt;$ mv 0001-*.patch ..&lt;br&gt;$ cd ..&lt;br&gt;&lt;br&gt;Add the patch to the spec file header:&lt;br&gt;&amp;nbsp; &amp;nbsp; [... snip ...]&lt;br&gt;&amp;nbsp; &amp;nbsp; Patch1000000: 0001-blabla.patch&lt;br&gt;&amp;nbsp; &amp;nbsp; [... snip ...]&lt;br&gt;&lt;br&gt;Apply at the end of %setup:&lt;br&gt;&amp;nbsp; &amp;nbsp; %patch1000000 -p1&lt;br&gt;&lt;br&gt;Bump the &quot;Release:&quot; tag and add a changelog message in %changelog.&lt;br&gt;&lt;br&gt;Commit to git:&lt;br&gt;$ git add 0000*.patch anaconda.spec&lt;br&gt;$ git commit -m &quot;Bla bla bla commit message&quot;&lt;br&gt;&lt;br&gt;Rebuild:&lt;br&gt;$ fedpkg mockbuild&lt;br&gt;&lt;br&gt;More about fedpkg:&lt;br&gt;&lt;a href=&quot;http://fedoraproject.org/wiki/Using_Fedora_GIT&quot; target=&quot;_blank&quot;&gt;http://fedoraproject.org/wiki/Using_Fedora_GIT&lt;/a&gt;&lt;/p&gt;&lt;p&gt;&lt;img src=&quot;/sites/default/files/IMG_20120609_192027_0.jpg&quot; alt=&quot;&quot; width=&quot;700&quot; height=&quot;523&quot;&gt;Mathieu Bridon and Sammy Fung (HK)&lt;/p&gt;</description>
 <pubDate>Wed, 18 Jul 2012 12:39:22 +0000</pubDate>
 <dc:creator>Hong Phuc</dc:creator>
 <guid isPermaLink="false">262 at http://fossasia.org</guid>
</item>
<item>
 <title>FOSSASIA community meetup at GNOME.Asia 2012 </title>
 <link>http://fossasia.org/vi/blogs/fossasia-community-meetup-gnomeasia-2012</link>
 <description>&lt;p&gt;&lt;img src=&quot;/sites/default/files/2012-gnome-asia-fossasia.jpg&quot; alt=&quot;&quot; width=&quot;700&quot; height=&quot;198&quot;&gt;GNOME.Asia Hong Kong 2012&lt;/p&gt;&lt;p&gt;&amp;nbsp;&lt;/p&gt;&lt;p&gt;FOSSASIA members had a wonderful get together at &lt;a href=&quot;http://2012.gnome.asia/&quot;&gt;GNOME.Asia&lt;/a&gt; 2012 in Hong Kong.&amp;nbsp;&lt;/p&gt;&lt;p style=&quot;padding-left: 30px;&quot;&gt;About GNOME.Asia Summit. The event is Asia’s GNOME user and developer conference, spreading the knowledge of GNOME across Asia. The event focuses primarily on the GNOME desktop and other devices that use GNOME, and also covers GNOME-based applications and GNOME development platform tools.&lt;/p&gt;&lt;p style=&quot;padding-left: 30px;&quot;&gt;It brings together the GNOME community in Asia to provide a forum for users, developers, foundation leaders, governments and businesses to discuss both the present technologies and future developments.&lt;/p&gt;&lt;p&gt;The FOSSASIA team presented the two projects:&amp;nbsp;&lt;a href=&quot;http://www.crypto-stick.org/&quot;&gt;crypto-stick&lt;/a&gt;&amp;nbsp;and the &lt;a href=&quot;http://x-mario.com&quot;&gt;x-mario gaming distribution&lt;/a&gt;.&lt;/p&gt;&lt;p&gt;A big thanks for this fantastic event goes to the local and global organization team and the GNOME Foundation, in particular to Max, Haggen So and Sammy Fung.&lt;/p&gt;&lt;p&gt;Hong Phuc Dang also received travel sponsorship from the GNOME Foundation and thus increased the participation numbers from Vietnam to three contributors.&lt;/p&gt;&lt;p&gt;&amp;nbsp;&lt;/p&gt;&lt;p&gt;&lt;img src=&quot;/sites/default/files/gnome-asia-sammy1_0.jpg&quot; alt=&quot;&quot; width=&quot;700&quot; height=&quot;573&quot;&gt;&lt;em&gt;GNOME.Asia Hong Kong 2012&lt;/em&gt;&lt;/p&gt;&lt;p&gt;&lt;!--break--&gt;&lt;/p&gt;</description>
 <pubDate>Tue, 17 Jul 2012 04:17:39 +0000</pubDate>
 <dc:creator>Hong Phuc</dc:creator>
 <guid isPermaLink="false">241 at http://fossasia.org</guid>
</item>
<item>
 <title>FOSSASIA sponsored developer at GNOME.Asia about x-mario gaming project </title>
 <link>http://fossasia.org/vi/blogs/fossasia-sponsored-developer-gnomeasia-about-x-mario-gaming-project</link>
 <description>&lt;p&gt;Hon Nguyen held a talk supported by me at the GNOME.Asia event in Hong Kong about the x-mario gaming project.&lt;/p&gt;&lt;p&gt;&lt;img src=&quot;/sites/default/files/IMG_20120610_135354_0.jpg&quot; alt=&quot;&quot;&gt;&lt;/p&gt;&lt;p&gt;The slides are here..&lt;/p&gt;
&lt;p style=&quot;text-align: center;&quot;&gt;
&lt;iframe src=&quot;http://www.slideshare.net/slideshow/embed_code/13655545&quot; width=&quot;597&quot; height=&quot;486&quot; frameborder=&quot;0&quot; marginwidth=&quot;0&quot; marginheight=&quot;0&quot; scrolling=&quot;no&quot; style=&quot;border:1px solid #CCC;border-width:1px 1px 0;margin-bottom:5px&quot; allowfullscreen webkitallowfullscreen mozallowfullscreen&gt; &lt;/iframe&gt; &lt;div style=&quot;margin-bottom:5px&quot;&gt; &lt;strong&gt; &lt;a href=&quot;http://www.slideshare.net/hpdang/gnomeasia-2012-xmario-13655545&quot; title=&quot;Gnome.asia 2012 x-mario&quot; target=&quot;_blank&quot;&gt;Gnome.asia 2012 x-mario&lt;/a&gt; &lt;/strong&gt; from &lt;strong&gt;&lt;a href=&quot;http://www.slideshare.net/hpdang&quot; target=&quot;_blank&quot;&gt;Hong Phuc&lt;/a&gt;&lt;/strong&gt; &lt;/div&gt;&lt;/p&gt;</description>
 <pubDate>Sun, 15 Jul 2012 01:38:54 +0000</pubDate>
 <dc:creator>Hong Phuc</dc:creator>
 <guid isPermaLink="false">255 at http://fossasia.org</guid>
</item>
<item>
 <title>Crypto Stick project presented by Quan Nguyen at GNOME.Asia</title>
 <link>http://fossasia.org/vi/blogs/crypto-stick-project-presented-quan-nguyen-gnomeasia</link>
 <description>&lt;p&gt;We are a group of four people representing the FOSSASIA organization at &lt;a href=&quot;http://gnome.asia&quot;&gt;GNOME.Asia&lt;/a&gt;. Hon Nguyen, one of the developer of &lt;a href=&quot;http://crypto-stick.org&quot;&gt;Crypto Stick&lt;/a&gt; also gave a presentation at the event in Hong Kong.&lt;/p&gt;&lt;p&gt;&lt;img src=&quot;/sites/default/files/IMG_20120609_180356_0.jpg&quot; alt=&quot;&quot; width=&quot;700&quot; height=&quot;523&quot;&gt;Quan Nguyen at GNOME.Asia 2012 in Hong Kong&lt;/p&gt;&lt;p&gt;&lt;img src=&quot;/sites/default/files/IMG_20120609_180406_0.jpg&quot; alt=&quot;&quot; width=&quot;700&quot; height=&quot;516&quot;&gt;Hong Phuc DANG (left) and Hon Nguyen (right) taking photos during GNOME.Asia 2012&lt;/p&gt;</description>
 <pubDate>Sat, 09 Jun 2012 16:08:48 +0000</pubDate>
 <dc:creator>Hong Phuc</dc:creator>
 <guid isPermaLink="false">261 at http://fossasia.org</guid>
</item>
<item>
 <title>Mekong Delta Map Sprint</title>
 <link>http://fossasia.org/vi/blogs/mekong-delta-map-sprint</link>
 <description>&lt;p&gt;&lt;img src=&quot;/sites/default/files/openstreetmap-vietnam-mekong-delta-cantho_0.png&quot; alt=&quot;&quot;&gt;&lt;/p&gt;&lt;p&gt;When it comes to Free and Open Source Software there are a lot of useful tools out there to make use of maps. But how useful is it, if there is no map data?&lt;/p&gt;&lt;p&gt;This was the reason for focusing our attention on maps of the Mekong Delta. For two months we cooperated with companies and universities in the Mekong Delta and we welcomed 10 students to work with us to improve the maps in the area. We did with different tools including Open Source Android apps and satellite images.&lt;/p&gt;&lt;p&gt;Check out the &lt;a href=&quot;http://wiki.openstreetmap.org/wiki/Beginners&#039;_guide&quot;&gt;OSM Beginner&#039;s Guide&lt;/a&gt; to become a map contributor as well!&lt;/p&gt;&lt;p&gt;Everyone loves pics. So here are a few pictures of the hard-working students.&lt;/p&gt;&lt;p&gt;&lt;img src=&quot;/sites/default/files/IMAG0075_0.jpg&quot; alt=&quot;&quot; width=&quot;700&quot; height=&quot;427&quot;&gt;&lt;/p&gt;&lt;p&gt;&lt;img src=&quot;/sites/default/files/IMG_20120620_150411_0.jpg&quot; alt=&quot;&quot;&gt;&lt;/p&gt;&lt;p&gt;&lt;img src=&quot;/sites/default/files/IMAG0008_0.jpg&quot; alt=&quot;&quot; width=&quot;700&quot; height=&quot;417&quot;&gt;&lt;/p&gt;</description>
 <pubDate>Thu, 10 May 2012 03:37:16 +0000</pubDate>
 <dc:creator>Hong Phuc</dc:creator>
 <guid isPermaLink="false">263 at http://fossasia.org</guid>
</item>
<item>
 <title>FOSSASIA accepted as Google Summer of Code organization</title>
 <link>http://fossasia.org/vi/blogs/fossasia-accepted-google-summer-code-organization</link>
 <description>&lt;p&gt;FOSSASIA has been accepted as mentor organization for the Google Summer of Code 2012. It is fantastic to join the international free software community in the study program and we are looking forward to student applications.&lt;/p&gt;&lt;p&gt;&lt;img style=&quot;display: block; margin-left: auto; margin-right: auto;&quot; src=&quot;/sites/default/files/Google-Summer-of-Code-2012_0.png&quot; alt=&quot;&quot; width=&quot;600&quot; height=&quot;304&quot;&gt;&lt;/p&gt;&lt;p&gt;Applications can be added through the &lt;a href=&quot;http://www.google-melange.com&quot;&gt;GSoC website&lt;/a&gt;. Please also&amp;nbsp;introduce your ideas on the mailing list and add them to the ideas page. If you are proposing an idea for a subproject like &lt;a href=&quot;http://www.crypto-stick.org &quot;&gt;Cryptostick&lt;/a&gt;, people on the list will direct you to specific contact points if needed.&amp;nbsp;&lt;/p&gt;&lt;p&gt;FOSSASIA is acting as an umbrella organization for projects related to Asian users and the community in the region. We welcome applications from student projects around the world who work on software tools benefiting users in the region.&lt;/p&gt;&lt;p&gt;The FOSSASIA Google Summer of Code program is looking for applications including:&amp;nbsp;&lt;/p&gt;&lt;ul&gt;&lt;li&gt;software development for projects supporting social change;&amp;nbsp;&lt;/li&gt;&lt;li&gt;internationalization projects benefitting users in the region, e.g. support for Asian fonts in applications and enhancing user experience;&amp;nbsp;&lt;/li&gt;&lt;li&gt;software for secure communication and user security including support for international Asian users;&amp;nbsp;&lt;/li&gt;&lt;li&gt;decentral systems for new use cases in emerging regions;&amp;nbsp;&lt;/li&gt;&lt;li&gt;educational development projects;&amp;nbsp;&lt;/li&gt;&lt;li&gt;localized free software distributions (e.g. regional Linux distributions);&amp;nbsp;&lt;/li&gt;&lt;/ul&gt;&lt;p&gt;If you are a student there are important links to follow:&lt;/p&gt;&lt;ul&gt;&lt;li&gt;Idea Page: &lt;a href=&quot;http://fossasia.org/gsoc-ideas &quot; title=&quot;http://fossasia.org/gsoc-ideas &quot;&gt;http://fossasia.org/gsoc-ideas &lt;/a&gt;&lt;/li&gt;&lt;li&gt;Mailing List &lt;a href=&quot;http://groups.google.com/group/fossasia &quot; title=&quot;http://groups.google.com/group/fossasia &quot;&gt;http://groups.google.com/group/fossasia &lt;/a&gt;&lt;/li&gt;&lt;li&gt;FOSSASIA GSoC Page &lt;a href=&quot;http://www.google-melange.com/gsoc/org/show/google/gsoc2012/fossasia&quot;&gt;http://www.google-melange.com/gsoc/org/show/google/gsoc2012/fossasia&lt;/a&gt;&amp;nbsp;&lt;/li&gt;&lt;li&gt;Google Open Source Programs: http://socghop.appspot.com&amp;nbsp;&lt;!--break--&gt;&lt;/li&gt;&lt;/ul&gt;</description>
 <pubDate>Fri, 16 Mar 2012 16:21:57 +0000</pubDate>
 <dc:creator>Hong Phuc</dc:creator>
 <guid isPermaLink="false">240 at http://fossasia.org</guid>
</item>
<item>
 <title>FOSSASIA 2011 Sum up</title>
 <link>http://fossasia.org/vi/blogs/fossasia-2011-sum</link>
 <description>&lt;p&gt;It has been a great event. Thank you for joining the community at Van Lang University in Ho Chi Minh City 2011!&lt;/p&gt;&lt;p&gt;&lt;img src=&quot;/sites/default/files/IMG_0620_0.JPG&quot; alt=&quot;&quot; width=&quot;700&quot; height=&quot;431&quot;&gt;&lt;/p&gt;&lt;p&gt;&lt;img src=&quot;/sites/default/files/DSC_0508_0.JPG&quot; alt=&quot;&quot; width=&quot;700&quot; height=&quot;470&quot;&gt;&lt;/p&gt;&lt;p&gt;&lt;img src=&quot;/sites/default/files/DSC_0502_0.JPG&quot; alt=&quot;&quot;&gt;&lt;/p&gt;&lt;p&gt;&lt;img src=&quot;/sites/default/files/IMG_0343_0.JPG&quot; alt=&quot;&quot; width=&quot;700&quot; height=&quot;467&quot;&gt;&lt;/p&gt;&lt;p&gt;&amp;nbsp;&lt;/p&gt;</description>
 <pubDate>Tue, 15 Nov 2011 12:55:36 +0000</pubDate>
 <dc:creator>Hong Phuc</dc:creator>
 <guid isPermaLink="false">253 at http://fossasia.org</guid>
</item>
<item>
 <title>Women in the Free Software Community discussions at FOSSASIA</title>
 <link>http://fossasia.org/vi/blogs/women-free-software-community-discussions-fossasia</link>
 <description>&lt;p&gt;The topic of women in IT and in the Free and Open Source community attracts a lot of intense discussions.&lt;/p&gt;&lt;p&gt;&lt;img src=&quot;/sites/default/files/DSC_0396_1_0.JPG&quot; alt=&quot;&quot;&gt;&lt;/p&gt;</description>
 <pubDate>Sat, 12 Nov 2011 03:11:04 +0000</pubDate>
 <dc:creator>Hong Phuc</dc:creator>
 <guid isPermaLink="false">257 at http://fossasia.org</guid>
</item>
<item>
 <title>FOSSASIA 2011 in Saigon attracting Students and Developers</title>
 <link>http://fossasia.org/vi/blogs/fossasia-2011-saigon-attracting-students-and-developers</link>
 <description>&lt;p&gt;FOSSASIA 2011 in Van Lang University is attracting many developers and interested students. We have a big hall that is filled for most of the talks and some seminar rooms where we have some intense talks, discussions and workshop to get hands on experience.&lt;/p&gt;&lt;p&gt;&lt;img src=&quot;/sites/default/files/IMG_0648_0.JPG&quot; alt=&quot;&quot; width=&quot;700&quot; height=&quot;467&quot;&gt;&lt;/p&gt;&lt;p&gt;&lt;img style=&quot;display: block; margin-left: auto; margin-right: auto;&quot; src=&quot;/sites/default/files/IMG_0431_0.JPG&quot; alt=&quot;&quot; width=&quot;500&quot; height=&quot;689&quot;&gt;&lt;/p&gt;</description>
 <pubDate>Fri, 11 Nov 2011 16:39:53 +0000</pubDate>
 <dc:creator>Hong Phuc</dc:creator>
 <guid isPermaLink="false">258 at http://fossasia.org</guid>
</item>
<item>
 <title>FOSSASIA Social Meetup in Saigon Downtown</title>
 <link>http://fossasia.org/vi/blogs/fossasia-social-meetup-saigon-downtown</link>
 <description>&lt;p&gt;We had a get together of speakers and participants at the Spotted Cow Bar in the center of Saigon. It is a nice group of people and looks like everyone really enjoyed the first meet up at the FOSSASIA conference.&lt;/p&gt;&lt;p&gt;&lt;img src=&quot;/sites/default/files/DSC_0375_0.JPG&quot; alt=&quot;&quot;&gt;&lt;/p&gt;&lt;p&gt;&lt;img src=&quot;/sites/default/files/DSC_0370_0.JPG&quot; alt=&quot;&quot;&gt;&lt;/p&gt;&lt;p&gt;&lt;img src=&quot;/sites/default/files/DSC_0381_0.JPG&quot; alt=&quot;&quot;&gt;&lt;/p&gt;&lt;p&gt;&amp;nbsp;&lt;/p&gt;</description>
 <pubDate>Fri, 11 Nov 2011 00:44:51 +0000</pubDate>
 <dc:creator>Hong Phuc</dc:creator>
 <guid isPermaLink="false">259 at http://fossasia.org</guid>
</item>
<item>
 <title>FOSSASIA Speaker Registration</title>
 <link>http://fossasia.org/vi/blogs/fossasia-speaker-registration</link>
 <description>&lt;p&gt;The FOSSASIA Speaker Registration form is online available at&amp;nbsp;&lt;a href=&quot;http://fossasia.org/speaker-registration&quot;&gt;http://fossasia.org/speaker-registration&lt;/a&gt;&lt;/p&gt;&lt;p&gt;We are using a simple Google form. So you can also access the form directly here: &lt;a href=&quot;https://docs.google.com/spreadsheet/viewform?pli=1&amp;amp;formkey=dGhCMVV2dm9RZEYwNXJDVXlSbWM3aXc6MA#gid=0&quot;&gt;Speaker Registration Form&lt;/a&gt;&lt;/p&gt;&lt;p&gt;Please fill in your information to get a slot!&amp;nbsp;&lt;/p&gt;&lt;p&gt;We are looking forward to welcome you at FOSSASIA 2011.&lt;/p&gt;&lt;p&gt;&lt;img src=&quot;/sites/default/files/fossasia-registration_0.jpg&quot; alt=&quot;&quot; width=&quot;700&quot; height=&quot;388&quot;&gt;&lt;/p&gt;</description>
 <pubDate>Tue, 04 Oct 2011 17:19:23 +0000</pubDate>
 <dc:creator>Hong Phuc</dc:creator>
 <guid isPermaLink="false">223 at http://fossasia.org</guid>
</item>
<item>
 <title>FOSSASIA Google Summer of Code 2011</title>
 <link>http://fossasia.org/vi/blogs/fossasia-google-summer-code-2011</link>
 <description>&lt;p&gt;&lt;a href=&quot;http://google-opensource.blogspot.com/2011/08/whos-new-in-google-summer-of-code-part.html&quot;&gt;FOSSASIA was prominently featured on the Google Open Source Blog&lt;/a&gt;. I wrote a short sum up of the student summer projects.&lt;/p&gt;&lt;p&gt;FOSSASIA is participating in Google Summer of Code for the first time this summer. The goal of the FOSSASIA network is to bring young Open Source developers together with experienced international developers to join or start new Free and Open Source projects.&lt;/p&gt;&lt;p&gt;FOSSASIA’s Google Summer of Code projects focus on open source for social change and communication. All the students are putting in a lot of effort, however their progress is varying as students have different skill levels.&lt;/p&gt;&lt;p&gt;The project of “foo-script” (Adam Rakowski) is moving forward most quickly. He expands the uses for the next Crypto-Stick (an USB hardware device with an integrated openGPG smart card firmware) edition and develops plugins for popular applications like Firefox. With the Stick you can easily encrypt your emails and achieve convenient online authentication.&lt;/p&gt;&lt;p&gt;Secondly Chanrithy Thim, the MoonOS developer from Cambodia has been improving Appshell, a framework for applications that lets developers easily create application bundles. A single file contains all the data and files needed to run an application, so all a user has to do is to launch it.&lt;/p&gt;&lt;p&gt;Google Summer of Code projects will be presented at this year’s FOSSASIA Summit taking place in Ho Chi Minh City (Saigon) on November 11-13, 2011.&lt;/p&gt;&lt;p&gt;Links:&lt;/p&gt;&lt;p&gt;*&amp;nbsp;&lt;a href=&quot;http://google-opensource.blogspot.com/2011/08/whos-new-in-google-summer-of-code-part.html&quot;&gt;http://google-opensource.blogspot.com/2011/08/whos-new-in-google-summer-of-code-part.html&lt;/a&gt;&lt;/p&gt;&lt;p&gt;&amp;nbsp;&lt;/p&gt;</description>
 <pubDate>Mon, 08 Aug 2011 04:03:35 +0000</pubDate>
 <dc:creator>Hong Phuc</dc:creator>
 <guid isPermaLink="false">260 at http://fossasia.org</guid>
</item>
</channel>
</rss>
